Colorectal Adenocarc	GSM18865	3AMH02022201_Colorectal Adenocarc
Colorectal Adenocarcinoma	GSM18866	3AMH02030601_Colorectal Adenocarcinoma
WHOLEBLOOD(JJV)	GSM18867	3AJZ02052318_WHOLEBLOOD(JJV)
WHOLEBLOOD(JJV)	GSM18868	3AJZ02052320_WHOLEBLOOD(JJV)
BM_CD33Myeloid	GSM18869	3AMH02082105_BM_CD33Myeloid
BM_CD33Myeloid	GSM18870	3AMH02082106_BM_CD33Myeloid
PB_CD14Monocytes	GSM18871	3AMH02082315_PB_CD14Monocytes
PB_CD14Monocytes	GSM18872	3AMH02082316_PB_CD14Monocytes
PB_BDCA4DentriticCells	GSM18873	3AMH02082012_PB_BDCA4DentriticCells
PB_BDCA4DentriticCells	GSM18874	3AMH02082111_PB_BDCA4DentriticCells
PB_CD56NKCells	GSM18875	3AMH02082109_PB_CD56NKCells
PB_CD56NKCells	GSM18876	3AMH02082110_PB_CD56NKCells
PB_CD4TCells	GSM18877	3AMH02082803_PB_CD4TCells
PB_CD4TCells	GSM18878	3AMH02082804_PB_CD4TCells
PB_CD8TCells	GSM18879	3AMH02082805_PB_CD8TCells
PB_CD8TCells	GSM18880	3AMH02082806_PB_CD8TCells
PB_CD19BCells	GSM18881	3AMH02082107_PB_CD19BCells
PB_CD19BCells	GSM18882	3AMH02082108_PB_CD19BCells
BM_CD105Endothelial	GSM18883	3AMH02082103_BM_CD105Endothelial
BM_CD105Endothelial	GSM18884	3AMH02082104_BM_CD105Endothelial
BM_CD34	GSM18885	3AMH02082001_BM_CD34
BM_CD34	GSM18886	3AMH02082102_BM_CD34
leukemia lymphoblastic (MOLT-4)	GSM18887	3AJZ02022218_leukemia lymphoblastic (MOLT-4)
leukemia lymphoblastic (MOLT-4)	GSM18888	3AJZ02022869_leukemia lymphoblastic (MOLT-4)
721_BLymphoblasts	GSM18889	3AMH02082809_721_BLymphoblasts
721_BLymphoblasts	GSM18890	3AMH02082810_721_BLymphoblasts
LymphomaRaji	GSM18891	3AMH02022603_LymphomaRaji
LymphomaRaji	GSM18892	3AMH02030602_LymphomaRaji
leukemia	GSM18893	3AJZ02022103_leukemia, promyelocytic-HL-60
leukemia	GSM18894	3AJZ02022220_leukemia, promyelocytic-HL-60
lymphomaburkittsDaudi	GSM18895	3AJZ02031099_ lymphomaburkittsDaudi
lymphomaburkittsDaudi	GSM18896	3AJZ02031302_lymphomaburkittsDaudi
leukemia	GSM18897	3AJZ02022105_ leukemia, chronic Myelogenous K-562
leukemia	GSM18898	3AJZ02022222_ leukemia, chronic Myelogenous K-562
thymus	GSM18899	3AJZ02022758_thymus
thymus	GSM18900	3AJZ02031411_thymus
Tonsil	GSM18901	3AJZ02051715_Tonsil
Tonsil	GSM18902	3AJZ02052116_Tonsil
lymph node	GSM18903	3AJZ02022115_ lymph node
lymph node	GSM18904	3AJZ02022232_ lymph node
fetal liver	GSM18905	3AJZ02022633_fetal liver
fetal liver	GSM18906	3AJZ02022750_fetal liver
BM_CD71EarlyErythroid	GSM18907	3AMH02082801_BM_CD71EarlyErythroid
BM_CD71EarlyErythroid	GSM18908	3AMH02082802_BM_CD71EarlyErythroid
bone marrow	GSM18909	3AJZ02022865_bone marrow
bonemarrow	GSM18910	3AJZ02030474_bonemarrow
TemporalLobe	GSM18911	3AJZ02081484a_TemporalLobe
TemporalLobe	GSM18912	3AJZ02081484b_TemporalLobe
globus_pallidus	GSM18913	3ARS02080774a_globus_pallidus
globus_pallidus	GSM18914	3ARS02080774b_globus_pallidus
CerebellumPeduncles	GSM18915	3AJZ02051604_CerebellumPeduncles
CerebellumPeduncles	GSM18916	3AJZ02061902_CerebellumPeduncles
cerebellum	GSM18917	3AJZ02022647_cerebellum
cerebellum	GSM18918	3AJZ02022764_cerebellum
brain	GSM18919	3AJZ02022226_ brain, caudate nucleus
brain	GSM18920	3AJZ02022870_ brain, caudate nucleus
Whole Brain	GSM18921	3AMH02030701_Whole Brain
wholebrain	GSM18922	3AJZ02031410_wholebrain
ParietalLobe	GSM18923	3AJZ02051605_ParietalLobe
ParietalLobe	GSM18924	3AJZ02051606_ParietalLobe
Medulla_Oblongata	GSM18925	3AJZ02081479a_Medulla_Oblongata
Medulla_Oblongata	GSM18926	3AJZ02081479b_Medulla_Oblongata
Brain Amygdala	GSM18927	3AMH02022205_Brain Amygdala
Brain Amygdala	GSM18928	3AMH02022605_Brain Amygdala
PrefrontalCortex	GSM18929	3AJZ02053109_PrefrontalCortex
PrefrontalCortex	GSM18930	3AJZ02053111_PrefrontalCortex
OccipitalLobe	GSM18931	3AJZ02052306_OccipitalLobe
OccipitalLobe	GSM18932	3AJZ02062605_OccipitalLobe
Hypothalamus	GSM18933	3AJZ02060506_Hypothalamus
Hypothalamus	GSM18934	3AJZ02061907_Hypothalamus
brainThalamus	GSM18935	3AJZ02031306_brainThalamus
brainThalamus	GSM18936	3AJZ02040819_brainThalamus
subthalamic_nucleus	GSM18937	3ARS02080777a_subthalamic_nucleus
subthalamic_nucleus	GSM18938	3ARS02080777b_subthalamic_nucleus
CingulateCortex	GSM18939	3AJZ02060407_CingulateCortex
CingulateCortex	GSM18940	3AJZ02060508_CingulateCortex
Pons	GSM18941	3AJZ02081480a_Pons
Pons	GSM18942	3AJZ02081480b_Pons
spinal cord	GSM18943	3AJZ02022107_ spinal cord
spinal cord	GSM18944	3AJZ02022224_ spinal cord
fetal brain	GSM18945	3AJZ02022111_ fetal brain
fetal brain	GSM18946	3AJZ02022228_ fetal brain
adrenal gland	GSM18947	3AJZ02022645_adrenal gland
adrenal gland	GSM18948	3AJZ02022762_adrenal gland
lung	GSM18949	3AJW02021805_lung
Lung	GSM18950	3AMH02030705_Lung
HEART	GSM18951	3AJZ02021909_HEART
Heart	GSM18952	3AMH02030702_Heart
LIVER	GSM18953	3AJZ02021915_ LIVER
Liver	GSM18954	3AMH02030706_Liver
kidney	GSM18955	3AJZ02022643_kidney
kidney	GSM18956	3AJZ02022760_kidney
PROSTATE	GSM18957	3AJZ02021911_ PROSTATE
Prostate	GSM18958	3AMH02030704_Prostate
UTERUS	GSM18959	3AJZ02021913_ UTERUS
Uterus	GSM18960	3AMH02030703_Uterus
Thyroid	GSM18961	3AMH02022204_Thyroid
Thyroid	GSM18962	3AMH02022604_Thyroid
fetalThyroid	GSM18963	3AJZ02052217_fetalThyroid
FETALTHYROID	GSM18964	3AJZ02052323_FETALTHYROID
fetal lung	GSM18965	3AJZ02022872_ fetal lung
fetallung	GSM18966	3AJZ02031304_fetallung
PLACENTA	GSM18967	3ARS0207253IA_PLACENTA
PLACENTA	GSM18968	3ARS0207263HB_PLACENTA
CardiacMyocytes	GSM18969	3AJZ02053107_CardiacMyocytes
CardiacMyocytes	GSM18970	3AJZ02060604_CardiacMyocytes
SmoothMuscle	GSM18971	3AJZ02053105_SmoothMuscle
SmoothMuscle	GSM18972	3AJZ02060603_SmoothMuscle
HBEC	GSM18973	3AJZ02053101_HBEC
HBEC	GSM18974	3AJZ02053103_HBEC
HUMANCULTUREDADIPOCYTE	GSM18975	3AJZ02052312_HUMANCULTUREDADIPOCYTE
HUMANCULTUREDADIPOCYTE	GSM18976	3AJZ02072570_HUMANCULTUREDADIPOCYTE
Pancreas	GSM18977	3AJZ02060401_Pancreas
Pancreas	GSM18978	3AJZ02060502_Pancreas
Islet	GSM18979	3AJZ02052309_Islet
IsletCell	GSM18980	3AJZ02060417_IsletCell
testis	GSM18981	3AJZ02022635_testis
testis	GSM18982	3AJZ02022752_testis
Testi_LeydigCell	GSM18983	3AJZ02051711_Testi_LeydigCell
TestiLeydigCell	GSM18984	3AJZ02052112_TestiLeydigCell
Testi_GermCell	GSM18985	3AJZ02051707_Testi_GermCell
Testi-GermCell	GSM18986	3AJZ02052108_Testi-GermCell
Testi_Intersitial	GSM18987	3AJZ02051709_Testi_Intersitial
TestiIntersitial	GSM18988	3AJZ02052305_TestiIntersitial
Testi_SeminiferousTubule	GSM18989	3AJZ02051713_Testi_SeminiferousTubule
TestiSeminiferousTubule	GSM18990	3AJZ02052114_TestiSeminiferousTubule
salivarygland	GSM18991	3AJZ02040823_salivarygland
salivarygland	GSM18992	3AJZ02041226_salivarygland
trachea	GSM18993	3AJZ02022639_trachea
trachea	GSM18994	3AJZ02022756_trachea
AdrenalCortex	GSM18995	3AJZ02050802_AdrenalCortex
AdrenalCortex	GSM18996	3AJZ02051002_AdrenalCortex
Ovary	GSM18997	3AJZ02050806_Ovary
Ovary	GSM18998	3AJZ02052302_Ovary
Appendix	GSM18999	3AJZ02081482a_Appendix
Appendix	GSM19000	3AJZ02081482b_Appendix
skin	GSM19001	3ARS02080776a_skin
skin	GSM19002	3ARS02080776b_skin
ciliary_ganglion	GSM19003	3ARS02080773a_ciliary_ganglion
ciliary_ganglion	GSM19004	3ARS02080773b_ciliary_ganglion
Trigeminal_Ganglion	GSM19005	3AJZ02081483a_Trigeminal_Ganglion
Trigeminal_Ganglion	GSM19006	3AJZ02081483b_Trigeminal_Ganglion
atrioventricular_node	GSM19007	3ARS02080772a_atrioventricular_node
atrioventricular_node	GSM19008	3ARS02080772b_atrioventricular_node
DRG	GSM19009	3ARS02080736e_DRG
DRG	GSM19010	3ARS02080736f_DRG
Superior_Cervical_Ganglion	GSM19011	3AJZ02081478a_Superior_Cervical_Ganglion
Superior_Cervical_Ganglion	GSM19012	3AJZ02081478b_Superior_Cervical_Ganglion
Skeletal_Muscle_Psoas	GSM19013	3AJZ02083092a_Skeletal_Muscle_Psoas
Skeletal_Muscle_Psoas	GSM19014	3AJZ02083092b_Skeletal_Muscle_Psoas
Uterus_Corpus	GSM19015	3AJZ02083089a_Uterus_Corpus
Uterus_Corpus	GSM19016	3AJZ02083089b_Uterus_Corpus
TONGUE	GSM19017	3AJZ02082987A_TONGUE
TONGUE	GSM19018	3AJZ02082987B_TONGUE
OlfactoryBulb	GSM19019	3AJZ02060514_OlfactoryBulb
OlfactoryBulb	GSM19020	3AJZ02072561_OlfactoryBulb
Pituitary	GSM19021	3AJZ02022867_Pituitary
pituitary	GSM19022	3AJZ02030476_pituitary
